[
  {
    "name": "Process Start",
    "start": 1687165028758,
    "end": 1687165029848,
    "duration": 1090,
    "pid": 15596,
    "index": 0
  },
  {
    "name": "Application Start",
    "start": 1687165029849,
    "end": 1687165030559,
    "duration": 710,
    "pid": 15596,
    "index": 1
  },
  {
    "name": "Load Plugin",
    "start": 1687165029861,
    "end": 1687165029879,
    "duration": 18,
    "pid": 15596,
    "index": 2
  },
  {
    "name": "Load Config",
    "start": 1687165029879,
    "end": 1687165029949,
    "duration": 70,
    "pid": 15596,
    "index": 3
  },
  {
    "name": "Require(0) config/config.default.js",
    "start": 1687165029880,
    "end": 1687165029922,
    "duration": 42,
    "pid": 15596,
    "index": 4
  },
  {
    "name": "Require(1) node_modules/egg-session/config/config.default.js",
    "start": 1687165029924,
    "end": 1687165029924,
    "duration": 0,
    "pid": 15596,
    "index": 5
  },
  {
    "name": "Require(2) node_modules/egg-security/config/config.default.js",
    "start": 1687165029925,
    "end": 1687165029925,
    "duration": 0,
    "pid": 15596,
    "index": 6
  },
  {
    "name": "Require(3) node_modules/egg-jsonp/config/config.default.js",
    "start": 1687165029926,
    "end": 1687165029926,
    "duration": 0,
    "pid": 15596,
    "index": 7
  },
  {
    "name": "Require(4) node_modules/egg-onerror/config/config.default.js",
    "start": 1687165029927,
    "end": 1687165029928,
    "duration": 1,
    "pid": 15596,
    "index": 8
  },
  {
    "name": "Require(5) node_modules/egg-i18n/config/config.default.js",
    "start": 1687165029928,
    "end": 1687165029928,
    "duration": 0,
    "pid": 15596,
    "index": 9
  },
  {
    "name": "Require(6) node_modules/egg-watcher/config/config.default.js",
    "start": 1687165029929,
    "end": 1687165029929,
    "duration": 0,
    "pid": 15596,
    "index": 10
  },
  {
    "name": "Require(7) node_modules/egg-schedule/config/config.default.js",
    "start": 1687165029930,
    "end": 1687165029930,
    "duration": 0,
    "pid": 15596,
    "index": 11
  },
  {
    "name": "Require(8) node_modules/egg-multipart/config/config.default.js",
    "start": 1687165029931,
    "end": 1687165029931,
    "duration": 0,
    "pid": 15596,
    "index": 12
  },
  {
    "name": "Require(9) node_modules/egg-development/config/config.default.js",
    "start": 1687165029932,
    "end": 1687165029932,
    "duration": 0,
    "pid": 15596,
    "index": 13
  },
  {
    "name": "Require(10) node_modules/egg-logrotator/config/config.default.js",
    "start": 1687165029933,
    "end": 1687165029933,
    "duration": 0,
    "pid": 15596,
    "index": 14
  },
  {
    "name": "Require(11) node_modules/egg-static/config/config.default.js",
    "start": 1687165029934,
    "end": 1687165029934,
    "duration": 0,
    "pid": 15596,
    "index": 15
  },
  {
    "name": "Require(12) node_modules/egg-view/config/config.default.js",
    "start": 1687165029935,
    "end": 1687165029935,
    "duration": 0,
    "pid": 15596,
    "index": 16
  },
  {
    "name": "Require(13) node_modules/egg-mysql/config/config.default.js",
    "start": 1687165029936,
    "end": 1687165029937,
    "duration": 1,
    "pid": 15596,
    "index": 17
  },
  {
    "name": "Require(14) node_modules/egg-validate/config/config.default.js",
    "start": 1687165029937,
    "end": 1687165029938,
    "duration": 1,
    "pid": 15596,
    "index": 18
  },
  {
    "name": "Require(15) node_modules/egg-cors/config/config.default.js",
    "start": 1687165029938,
    "end": 1687165029939,
    "duration": 1,
    "pid": 15596,
    "index": 19
  },
  {
    "name": "Require(16) node_modules/egg-view-nunjucks/config/config.default.js",
    "start": 1687165029939,
    "end": 1687165029940,
    "duration": 1,
    "pid": 15596,
    "index": 20
  },
  {
    "name": "Require(17) node_modules/egg/config/config.default.js",
    "start": 1687165029940,
    "end": 1687165029941,
    "duration": 1,
    "pid": 15596,
    "index": 21
  },
  {
    "name": "Require(18) config/config.default.js",
    "start": 1687165029942,
    "end": 1687165029942,
    "duration": 0,
    "pid": 15596,
    "index": 22
  },
  {
    "name": "Require(19) node_modules/egg-security/config/config.local.js",
    "start": 1687165029943,
    "end": 1687165029943,
    "duration": 0,
    "pid": 15596,
    "index": 23
  },
  {
    "name": "Require(20) node_modules/egg-watcher/config/config.local.js",
    "start": 1687165029945,
    "end": 1687165029945,
    "duration": 0,
    "pid": 15596,
    "index": 24
  },
  {
    "name": "Require(21) node_modules/egg-view/config/config.local.js",
    "start": 1687165029947,
    "end": 1687165029947,
    "duration": 0,
    "pid": 15596,
    "index": 25
  },
  {
    "name": "Require(22) node_modules/egg-view-nunjucks/config/config.local.js",
    "start": 1687165029948,
    "end": 1687165029949,
    "duration": 1,
    "pid": 15596,
    "index": 26
  },
  {
    "name": "Require(23) node_modules/egg/config/config.local.js",
    "start": 1687165029949,
    "end": 1687165029949,
    "duration": 0,
    "pid": 15596,
    "index": 27
  },
  {
    "name": "Load extend/application.js",
    "start": 1687165029950,
    "end": 1687165030010,
    "duration": 60,
    "pid": 15596,
    "index": 28
  },
  {
    "name": "Require(24) node_modules/egg-session/app/extend/application.js",
    "start": 1687165029951,
    "end": 1687165029951,
    "duration": 0,
    "pid": 15596,
    "index": 29
  },
  {
    "name": "Require(25) node_modules/egg-security/app/extend/application.js",
    "start": 1687165029952,
    "end": 1687165029953,
    "duration": 1,
    "pid": 15596,
    "index": 30
  },
  {
    "name": "Require(26) node_modules/egg-jsonp/app/extend/application.js",
    "start": 1687165029954,
    "end": 1687165029957,
    "duration": 3,
    "pid": 15596,
    "index": 31
  },
  {
    "name": "Require(27) node_modules/egg-schedule/app/extend/application.js",
    "start": 1687165029958,
    "end": 1687165029960,
    "duration": 2,
    "pid": 15596,
    "index": 32
  },
  {
    "name": "Require(28) node_modules/egg-logrotator/app/extend/application.js",
    "start": 1687165029961,
    "end": 1687165029965,
    "duration": 4,
    "pid": 15596,
    "index": 33
  },
  {
    "name": "Require(29) node_modules/egg-view/app/extend/application.js",
    "start": 1687165029966,
    "end": 1687165029967,
    "duration": 1,
    "pid": 15596,
    "index": 34
  },
  {
    "name": "Require(30) node_modules/egg-view-nunjucks/app/extend/application.js",
    "start": 1687165029969,
    "end": 1687165030002,
    "duration": 33,
    "pid": 15596,
    "index": 35
  },
  {
    "name": "Load extend/request.js",
    "start": 1687165030010,
    "end": 1687165030022,
    "duration": 12,
    "pid": 15596,
    "index": 36
  },
  {
    "name": "Require(31) node_modules/egg/app/extend/request.js",
    "start": 1687165030015,
    "end": 1687165030017,
    "duration": 2,
    "pid": 15596,
    "index": 37
  },
  {
    "name": "Load extend/response.js",
    "start": 1687165030023,
    "end": 1687165030034,
    "duration": 11,
    "pid": 15596,
    "index": 38
  },
  {
    "name": "Require(32) node_modules/egg/app/extend/response.js",
    "start": 1687165030028,
    "end": 1687165030031,
    "duration": 3,
    "pid": 15596,
    "index": 39
  },
  {
    "name": "Load extend/context.js",
    "start": 1687165030034,
    "end": 1687165030125,
    "duration": 91,
    "pid": 15596,
    "index": 40
  },
  {
    "name": "Require(33) node_modules/egg-security/app/extend/context.js",
    "start": 1687165030035,
    "end": 1687165030051,
    "duration": 16,
    "pid": 15596,
    "index": 41
  },
  {
    "name": "Require(34) node_modules/egg-jsonp/app/extend/context.js",
    "start": 1687165030051,
    "end": 1687165030054,
    "duration": 3,
    "pid": 15596,
    "index": 42
  },
  {
    "name": "Require(35) node_modules/egg-i18n/app/extend/context.js",
    "start": 1687165030055,
    "end": 1687165030055,
    "duration": 0,
    "pid": 15596,
    "index": 43
  },
  {
    "name": "Require(36) node_modules/egg-multipart/app/extend/context.js",
    "start": 1687165030057,
    "end": 1687165030111,
    "duration": 54,
    "pid": 15596,
    "index": 44
  },
  {
    "name": "Require(37) node_modules/egg-view/app/extend/context.js",
    "start": 1687165030113,
    "end": 1687165030114,
    "duration": 1,
    "pid": 15596,
    "index": 45
  },
  {
    "name": "Require(38) node_modules/egg-validate/app/extend/context.js",
    "start": 1687165030115,
    "end": 1687165030116,
    "duration": 1,
    "pid": 15596,
    "index": 46
  },
  {
    "name": "Require(39) node_modules/egg/app/extend/context.js",
    "start": 1687165030117,
    "end": 1687165030119,
    "duration": 2,
    "pid": 15596,
    "index": 47
  },
  {
    "name": "Load extend/helper.js",
    "start": 1687165030125,
    "end": 1687165030155,
    "duration": 30,
    "pid": 15596,
    "index": 48
  },
  {
    "name": "Require(40) node_modules/egg-security/app/extend/helper.js",
    "start": 1687165030126,
    "end": 1687165030146,
    "duration": 20,
    "pid": 15596,
    "index": 49
  },
  {
    "name": "Require(41) node_modules/egg/app/extend/helper.js",
    "start": 1687165030150,
    "end": 1687165030150,
    "duration": 0,
    "pid": 15596,
    "index": 50
  },
  {
    "name": "Load app.js",
    "start": 1687165030155,
    "end": 1687165030208,
    "duration": 53,
    "pid": 15596,
    "index": 51
  },
  {
    "name": "Require(42) node_modules/egg-session/app.js",
    "start": 1687165030155,
    "end": 1687165030156,
    "duration": 1,
    "pid": 15596,
    "index": 52
  },
  {
    "name": "Require(43) node_modules/egg-security/app.js",
    "start": 1687165030156,
    "end": 1687165030158,
    "duration": 2,
    "pid": 15596,
    "index": 53
  },
  {
    "name": "Require(44) node_modules/egg-onerror/app.js",
    "start": 1687165030158,
    "end": 1687165030167,
    "duration": 9,
    "pid": 15596,
    "index": 54
  },
  {
    "name": "Require(45) node_modules/egg-i18n/app.js",
    "start": 1687165030168,
    "end": 1687165030186,
    "duration": 18,
    "pid": 15596,
    "index": 55
  },
  {
    "name": "Require(46) node_modules/egg-watcher/app.js",
    "start": 1687165030187,
    "end": 1687165030190,
    "duration": 3,
    "pid": 15596,
    "index": 56
  },
  {
    "name": "Require(47) node_modules/egg-schedule/app.js",
    "start": 1687165030190,
    "end": 1687165030191,
    "duration": 1,
    "pid": 15596,
    "index": 57
  },
  {
    "name": "Require(48) node_modules/egg-multipart/app.js",
    "start": 1687165030191,
    "end": 1687165030192,
    "duration": 1,
    "pid": 15596,
    "index": 58
  },
  {
    "name": "Require(49) node_modules/egg-development/app.js",
    "start": 1687165030192,
    "end": 1687165030192,
    "duration": 0,
    "pid": 15596,
    "index": 59
  },
  {
    "name": "Require(50) node_modules/egg-logrotator/app.js",
    "start": 1687165030192,
    "end": 1687165030193,
    "duration": 1,
    "pid": 15596,
    "index": 60
  },
  {
    "name": "Require(51) node_modules/egg-static/app.js",
    "start": 1687165030193,
    "end": 1687165030193,
    "duration": 0,
    "pid": 15596,
    "index": 61
  },
  {
    "name": "Require(52) node_modules/egg-mysql/app.js",
    "start": 1687165030194,
    "end": 1687165030204,
    "duration": 10,
    "pid": 15596,
    "index": 62
  },
  {
    "name": "Require(53) node_modules/egg-validate/app.js",
    "start": 1687165030204,
    "end": 1687165030206,
    "duration": 2,
    "pid": 15596,
    "index": 63
  },
  {
    "name": "Require(54) node_modules/egg-cors/app.js",
    "start": 1687165030206,
    "end": 1687165030207,
    "duration": 1,
    "pid": 15596,
    "index": 64
  },
  {
    "name": "Require(55) node_modules/egg-view-nunjucks/app.js",
    "start": 1687165030207,
    "end": 1687165030207,
    "duration": 0,
    "pid": 15596,
    "index": 65
  },
  {
    "name": "Before Start in node_modules/egg-watcher/lib/init.js:15:14",
    "start": 1687165030218,
    "end": 1687165030559,
    "duration": 341,
    "pid": 15596,
    "index": 66
  },
  {
    "name": "Before Start in node_modules/egg-mysql/lib/mysql.js:14:7",
    "start": 1687165030313,
    "end": 1687165030557,
    "duration": 244,
    "pid": 15596,
    "index": 67
  },
  {
    "name": "Load Service",
    "start": 1687165030314,
    "end": 1687165030376,
    "duration": 62,
    "pid": 15596,
    "index": 68
  },
  {
    "name": "Load \"service\" to Context",
    "start": 1687165030314,
    "end": 1687165030376,
    "duration": 62,
    "pid": 15596,
    "index": 69
  },
  {
    "name": "Load Middleware",
    "start": 1687165030376,
    "end": 1687165030518,
    "duration": 142,
    "pid": 15596,
    "index": 70
  },
  {
    "name": "Load \"middlewares\" to Application",
    "start": 1687165030376,
    "end": 1687165030507,
    "duration": 131,
    "pid": 15596,
    "index": 71
  },
  {
    "name": "Load Controller",
    "start": 1687165030518,
    "end": 1687165030526,
    "duration": 8,
    "pid": 15596,
    "index": 72
  },
  {
    "name": "Load \"controller\" to Application",
    "start": 1687165030518,
    "end": 1687165030526,
    "duration": 8,
    "pid": 15596,
    "index": 73
  },
  {
    "name": "Load Router",
    "start": 1687165030526,
    "end": 1687165030530,
    "duration": 4,
    "pid": 15596,
    "index": 74
  },
  {
    "name": "Require(56) app/router.js",
    "start": 1687165030526,
    "end": 1687165030527,
    "duration": 1,
    "pid": 15596,
    "index": 75
  },
  {
    "name": "Before Start in node_modules/egg-core/lib/egg.js:307:10",
    "start": 1687165030527,
    "end": 1687165030544,
    "duration": 17,
    "pid": 15596,
    "index": 76
  }
]